"Name","bedding","date of birth","date of death","diet","diet start date","sex","source pen ID","strain","treatment","Unique Mouse ID","genotype","Climb ID"
"JMUS1069","aspen","2019-10-20","2020-02-03","10% fat + fiber","2019-12-05","female","null","C57BL/6J","None","JMUS96ce7d5c703c38ef6e0c3150a41de2a1","WT","1011"
"JMUS1070","aspen","2019-10-20","2020-02-04","10% fat + fiber","2019-12-05","male","null","C57BL/6J","None","JMUS5d906c7be248de007924a0dad1d12992","WT","1015"
"JMUS1071","aspen","2019-10-20","2020-02-04","10% fat + fiber","2019-12-05","female","null","C57BL/6J","None","JMUSc4046dd7a48ce8fb67272f68a67c7aba","WT","1012"
"JMUS1072","aspen","2019-10-20","2020-02-04","10% fat + fiber","2019-12-05","male","null","C57BL/6J","None","JMUSe14de87084139cb0594dccb17d6e621d","WT","1016"
"JMUS1073","aspen","2019-10-20","2020-02-04","44% fat + fiber","2019-12-05","female","null","C57BL/6J","None","JMUS93d2ecdbc188550a8cb5f84597d9a7ba","WT","1013"
"JMUS1074","aspen","2019-10-20","2020-02-07","44% fat + fiber","2019-12-05","male","null","C57BL/6J","None","JMUS383d779ff3e847384123daae3a5f4056","WT","1017"
"JMUS1075","aspen","2019-10-20","2020-02-04","44% fat + fiber","2019-12-05","male","null","C57BL/6J","None","JMUSfd48774e564ff7f86db04dd4fc01b14a","WT","1018"
"JMUS1076","aspen","2019-10-20","2020-02-04","44% fat + fiber","2019-12-05","female","null","C57BL/6J","None","JMUSf3ef4f852f2e6ac987f1f8f7167a1624","WT","1014"
"JMUS1077","aspen","2019-10-20","2020-02-05","10% fat + fiber","2019-12-05","male","null","CAST/EiJ","None","JMUS8ebe4a2e5b5142b13f9d6430cab739b3","WT","1029"
"JMUS1078","aspen","2019-10-20","2020-02-05","10% fat + fiber","2019-12-05","male","null","CAST/EiJ","None","JMUS4223fe00a73043c294b0d01dde36944a","WT","1030"
"JMUS1079","aspen","2019-10-20","2020-01-20","10% fat + fiber","2019-12-05","male","null","CAST/EiJ","None","JMUSd5b3d49da0f83f3bc855cbdd4896e207","WT","1031"
"JMUS1080","aspen","2019-10-21","2020-02-06","44% fat + fiber","2019-12-05","male","null","CAST/EiJ","None","JMUS3a7c4f515e08b00896e43d05c252770f","WT","1026"
"JMUS1081","aspen","2019-10-21","2020-06-04","44% fat + fiber","2019-12-05","female","null","CAST/EiJ","None","JMUS26eec486cf6076f41241f2b18eb4672a","WT","1023"
"JMUS1082","aspen","2019-10-21","2020-02-01","44% fat + fiber","2019-12-05","male","null","CAST/EiJ","None","JMUS1402257c4517f1c39cd3f58283ee5b3a","WT","1027"
"JMUS1083","aspen","2019-10-21","2020-02-05","44% fat + fiber","2019-12-05","female","null","CAST/EiJ","None","JMUSb68d9ea71c22e6411dee63e888be3a8b","WT","1024"
"JMUS1084","aspen","2019-10-21","2020-02-06","44% fat + fiber","2019-12-05","male","null","CAST/EiJ","None","JMUScc524d5883cf6b51cb8e9f5a06045be7","WT","1028"
"JMUS1619","aspen","2019-12-19","2020-03-16","10% fat + fiber","2020-01-30","female","H-704-18","CAST/EiJ","None","JMUS8a087fdd1c4c3d794121ea5dff181aae","WT","2144"
"JMUS1620","aspen","2019-12-19","2020-04-06","10% fat + fiber","2020-01-30","female","H-704-18","CAST/EiJ","None","JMUS7628fc8006bb287baaf0c9b5c35951c6","WT","2145"
"JMUS1621","aspen","2019-12-19","2020-04-06","10% fat + fiber","2020-01-30","female","H-704-18","CAST/EiJ","None","JMUS08b66821d13313fbcb82e4c53d61637e","WT","2146"
"JMUS1622","aspen","2019-12-19","2020-04-06","44% fat + fiber","2020-01-30","female","H-704-18","CAST/EiJ","None","JMUS444d40579484e54cd7cb79d053666d68","WT","2147"
"JMUS1623","aspen","2019-12-19","2020-04-06","44% fat + fiber","2020-01-30","female","H-704-18","CAST/EiJ","None","JMUS02eb4fcfa2c6629d961cffb927f9ce2e","WT","2148"
"JMUS1624","aspen","12/19/2019","4/3/2020","10% fat + fiber","1/30/2020","male","H-705-18","CAST/EiJ","None","JMUS32ce6015201dbf86b04725078cd6df00","WT",""
"JMUS1625","aspen","12/19/2019","4/3/2020","10% fat + fiber","1/30/2020","male","H-705-18","CAST/EiJ","None","JMUSebfe465c1fbc383d0249f0a21663275d","WT",""
"JMUS1626","aspen","12/19/2019","4/3/2020","10% fat + fiber","1/30/2020","male","H-705-18","CAST/EiJ","None","JMUS0ff4a30b4e157cbd57e171c767945c94","WT",""
"JMUS1627","aspen","2019-12-16","2020-03-30","10% fat + fiber","2020-01-30","female","H-871-18","CAST/EiJ","None","JMUS16cc77a1c6a13d804003dda599081470","WT","2155"
"JMUS1628","aspen","2019-12-16","2020-03-16","10% fat + fiber","2020-01-30","female","H-871-18","CAST/EiJ","None","JMUS6ddfa65d685e5011a8cc877f005f9637","WT","2156"
"JMUS1629","aspen","2019-12-16","2020-06-04","10% fat + fiber","2020-01-30","female","H-871-18","CAST/EiJ","None","JMUSf303b714d1b6274b7349908e5ce1a891","WT","2157"
"JMUS1630","aspen","2019-12-16","2020-04-02","44% fat + fiber","2020-01-30","male","H-872-18","CAST/EiJ","None","JMUS947b23737d0a59452830ae49a5a1f981","WT","2158"
"JMUS1631","aspen","2019-12-16","2020-04-06","44% fat + fiber","2020-01-30","male","H-872-18","CAST/EiJ","None","JMUS4e9a42cff842c599fe27b157f441c141","WT","2159"
"JMUS1632","aspen","2019-12-20","2020-04-06","10% fat + fiber","2020-01-30","female","H-713-18","NZO/HlLtJ","None","JMUS82368c2cb43f9127c7c060f426876c07","WT","2172"
"JMUS1633","aspen","2019-12-20","2020-04-06","10% fat + fiber","2020-01-30","female","H-713-18","NZO/HlLtJ","None","JMUS44d9af08e4e27436b9635c82b0d99a56","WT","2173"
"JMUS1634","aspen","2019-12-20","2020-04-06","10% fat + fiber","2020-01-30","female","H-713-18","NZO/HlLtJ","None","JMUS1edf2cf97ab49fcca0cffc67075f4448","WT","2174"
"JMUS1635","aspen","2019-12-20","2020-04-06","10% fat + fiber","2020-01-30","female","H-713-18","NZO/HlLtJ","None","JMUS4fc2607d9b0c6dd98e539f212bd2c96f","WT","2175"
"JMUS1636","aspen","2019-12-20","2020-04-06","10% fat + fiber","2020-01-30","male","H-714-18","NZO/HlLtJ","None","JMUS842a8c7513b676a5095251df1e56d440","WT","2176"
"JMUS1637","aspen","2019-12-20","2020-04-06","10% fat + fiber","2020-01-30","male","H-714-18","NZO/HlLtJ","None","JMUSaa68e289838786565c82de8e3c9a731f","WT","2177"
"JMUS1638","aspen","2019-12-20","2020-04-06","10% fat + fiber","2020-01-30","male","H-714-18","NZO/HlLtJ","None","JMUSa8f98dae5cef6767a4eec326350d6a92","WT","2178"
"JMUS1639","alpha-dri","2020-01-02","2020-04-25","10% fat + fiber","2020-02-13","female","H-794-18","NZO/HlLtJ","None","JMUS41092e5ff3fb721f75df1cd4c7b63b45","WT","2401"
"JMUS1640","alpha-dri","2020-01-02","2020-04-25","10% fat + fiber","2020-02-13","female","H-794-18","NZO/HlLtJ","None","JMUS17a30feca8d470761f47d91b3c15c3c3","WT","2402"
"JMUS1641","alpha-dri","2020-01-02","2020-04-25","44% fat + fiber","2020-02-13","female","H-794-18","NZO/HlLtJ","None","JMUSbd68888f500f1325df910337994e8084","WT","2403"
"JMUS1642","alpha-dri","2020-01-02","2020-04-25","44% fat + fiber","2020-02-13","female","H-794-18","NZO/HlLtJ","None","JMUSa8039b9b953aafee16260f99a8026caf","WT","2404"
"JMUS1643","alpha-dri","2020-01-02","2020-04-25","10% fat + fiber","2020-02-13","male","H-795-18","NZO/HlLtJ","None","JMUSac418201355aaac79642a35ec115c23c","WT","2405"
"JMUS1644","alpha-dri","2020-01-02","2020-04-25","10% fat + fiber","2020-02-13","male","H-795-18","NZO/HlLtJ","None","JMUS69385b24cbff505971127603524dc084","WT","2406"
"JMUS1645","alpha-dri","2020-01-02","2020-04-25","44% fat + fiber","2020-02-13","male","H-795-18","NZO/HlLtJ","None","JMUSfb76a9a14967f764cd641e18fa41e0d4","WT","2407"
"JMUS1646","alpha-dri","2020-01-02","2020-04-25","44% fat + fiber","2020-02-13","male","H-795-18","NZO/HlLtJ","None","JMUS5244c29289c14e77f92905aa8a70885a","WT","2408"
"JMUS1647","alpha-dri","2020-01-02","2020-04-25","44% fat + fiber","2020-02-13","male","H-795-18","NZO/HlLtJ","None","JMUS4a16194e8a20c9184bfe6fcbdb16385f","WT","2409"
"JMUS1648","aspen","2019-12-20","2020-04-25","10% fat + fiber","2020-01-30","female","H-723-18","C57BL/6J","None","JMUS37ff848fdb6a550a21e8a79755bcef6a","WT","2200"
"JMUS1649","aspen","2019-12-20","2020-04-25","10% fat + fiber","2020-01-30","female","H-723-18","C57BL/6J","None","JMUSdb049d2db4f33fd670b263430da95757","WT","2201"
"JMUS1650","aspen","2019-12-20","2020-04-25","10% fat + fiber","2020-01-30","female","H-723-18","C57BL/6J","None","JMUS37e6119b0694309cbee3906fc204e01a","WT","2202"
"JMUS1651","aspen","2019-12-20","2020-04-25","10% fat + fiber","2020-01-30","female","H-723-18","C57BL/6J","None","JMUS35100c0abb4fc9d930855285d6debf84","WT","2203"
"JMUS1652","aspen","2019-12-20","2020-04-25","10% fat + fiber","2020-01-30","female","H-723-18","C57BL/6J","None","JMUSd9bc9ba18db83b37f4bfea347472c780","WT","2204"
"JMUS1653","aspen","2019-12-20","2020-04-06","10% fat + fiber","2020-01-30","male","H-723-18","C57BL/6J","None","JMUS4f539fc58279e9a4695899be1eff9fd8","WT","2205"
"JMUS1654","aspen","2019-12-20","2020-04-06","10% fat + fiber","2020-01-30","male","H-723-18","C57BL/6J","None","JMUSc37bcf269b0f2642d69935e54963e1bf","WT","2206"
"JMUS1655","aspen","2019-12-20","2020-04-06","10% fat + fiber","2020-01-30","male","H-723-18","C57BL/6J","None","JMUSe7631c56c4a5e288c202ee62aaa1aaa2","WT","2207"
"JMUS1656","aspen","2019-12-20","2020-04-06","10% fat + fiber","2020-01-30","male","H-723-18","C57BL/6J","None","JMUS46c57d6b7bbe0f71683eabbc46ef8ee0","WT","2208"
"JMUS1657","aspen","2019-12-20","2020-04-06","10% fat + fiber","2020-01-30","male","H-723-18","C57BL/6J","None","JMUS709c2b1cce22a8fdd8089d14c353144b","WT","2209"
"JMUS1658","alpha-dri","2019-12-25","2020-04-03","44% fat + fiber","2020-02-06","female","H-745-18","NZO/HlLtJ","None","JMUS914e85cb7352da071f979e2578febfd6","WT","2286"
"JMUS1659","alpha-dri","2019-12-25","2020-04-03","44% fat + fiber","2020-02-06","female","H-745-18","NZO/HlLtJ","None","JMUS0e6bb44e43ee747683229c4922a0d52c","WT","2287"
"JMUS1660","alpha-dri","2019-12-25","2020-04-03","44% fat + fiber","2020-02-06","female","H-745-18","NZO/HlLtJ","None","JMUS0ffbc62f87215b47b1be679388b7ebdb","WT","2288"
"JMUS1661","alpha-dri","2019-12-25","2020-04-03","44% fat + fiber","2020-02-06","male","H-746-18","NZO/HlLtJ","None","JMUS0fb6ff2a1b80b04214795cd7507c0719","WT","2289"
"JMUS1662","alpha-dri","2019-12-25","2020-04-03","44% fat + fiber","2020-02-06","male","H-746-18","NZO/HlLtJ","None","JMUS581064fa7859dbb157762c3fa8e0d974","WT","2290"
"JMUS1663","alpha-dri","2019-12-25","2020-06-05","44% fat + fiber","2020-02-06","male","H-746-18","NZO/HlLtJ","None","JMUSd5f3e73a06b0ea7cb6eb745b2c3b4a77","WT","2291"
"JMUS1664","aspen","2019-12-24","2020-03-30","10% fat + fiber","2020-02-06","male","H-747-18","CAST/EiJ","None","JMUS15d210bed6250649db578aab32df3580","WT","2292"
"JMUS1665","aspen","2019-12-24","2020-06-04","44% fat + fiber","2020-02-06","male","H-747-18","CAST/EiJ","None","JMUSc98089bc7993163a7157592f94579fd5","WT","2293"
"JMUS1666","aspen","2019-12-28","2020-04-03","44% fat + fiber","2020-02-06","female","H-748-18","C57BL/6J","None","JMUScc79a2f9f186beaecb24990fdf1d925b","WT","2294"
"JMUS1667","aspen","2019-12-28","2020-01-25","44% fat + fiber","2020-02-06","female","H-748-18","C57BL/6J","None","JMUSab1e449d61beeb22e4e357f79b8e4fc5","WT","2295"
"JMUS1668","aspen","2019-12-28","2020-04-03","44% fat + fiber","2020-02-06","female","H-748-18","C57BL/6J","None","JMUS339bd10976ed98b758f57e5cb17f2526","WT","2296"
"JMUS1669","aspen","2019-12-28","2020-04-03","44% fat + fiber","2020-02-14","female","H-748-18","C57BL/6J","None","JMUS02b8db0020b454920d4419f8c8d69685","WT","2297"
"JMUS1670","aspen","2019-12-28","2020-04-03","44% fat + fiber","2020-02-14","female","H-748-18","C57BL/6J","None","JMUSbf461af82303ffa6c79c37bad7637985","WT","2298"
"JMUS1671","aspen","2019-12-28","2020-04-03","44% fat + fiber","2020-02-14","male","H-749-18","C57BL/6J","None","JMUS4e4c02d7f45855cc151ab3fd66177706","WT","2299"
"JMUS1672","aspen","2019-12-28","2020-04-03","44% fat + fiber","2020-02-14","male","H-749-18","C57BL/6J","None","JMUS95c75cb1b7b0b51481f39f9d8c222132","WT","2300"
"JMUS1673","aspen","2019-12-23","2020-04-03","10% fat + fiber","2020-02-06","male","null","CAST/EiJ","None","JMUS27b2a43af2cdd65a12f666f5c5139b66","WT","2249"
"JMUS1674","aspen","2019-12-23","2020-04-25","10% fat + fiber","2020-02-06","male","null","CAST/EiJ","None","JMUS1d50dceca1a4e1d8c52fde4f474cf5e9","WT","2250"
"JMUS1675","alpha-dri","2019-12-28","2020-04-03","44% fat + fiber","2020-02-14","female","H-798-18","NZO/HlLtJ","None","JMUSce5800a3e7f8446ad7020028681ec119","WT","2415"
"JMUS1676","alpha-dri","2019-12-28","2020-04-25","44% fat + fiber","2020-02-14","female","H-798-18","NZO/HlLtJ","None","JMUS1ec6c3950222a2a276ce67d880a2241e","WT","2416"
"JMUS1677","alpha-dri","2019-12-28","2020-06-05","44% fat + fiber","2020-02-14","female","H-798-18","NZO/HlLtJ","None","JMUS3ef519c1faee88c5a4f94b8fbbeb202e","WT","2417"
"JMUS1678","alpha-dri","2019-12-28","2020-04-03","44% fat + fiber","2020-02-14","male","H-799-18","NZO/HlLtJ","None","JMUSe2a44ec40dd3dceeae3abcb578fba4b7","WT","2418"
"JMUS1679","alpha-dri","2019-12-28","2020-04-25","44% fat + fiber","2020-02-14","male","H-799-18","NZO/HlLtJ","None","JMUS9b66c9d67fd7dd99298532c0ae1d779c","WT","2419"
"JMUS1680","alpha-dri","2019-12-28","2020-04-25","44% fat + fiber","2020-02-14","male","H-799-18","NZO/HlLtJ","None","JMUS148613d7f6d70fa3de342ed6c3ff8445","WT","2420"
"JMUS1681","alpha-dri","2019-12-30","2020-04-03","10% fat + fiber","2020-02-14","female","H-796-18","NZO/HlLtJ","None","JMUS35a83efdb0ab2a2ed2ce19e299856ea8","WT","2410"
"JMUS1682","alpha-dri","2019-12-30","2020-04-03","10% fat + fiber","2020-02-14","female","H-796-18","NZO/HlLtJ","None","JMUS25454c6625c410f85c9f9a1f81ad1dfc","WT","2411"
"JMUS1683","alpha-dri","2019-12-30","2020-04-03","10% fat + fiber","2020-02-14","male","H-797-18","NZO/HlLtJ","None","JMUS66093f53b6276eb45d2c185c1b7802fc","WT","2412"
"JMUS1684","alpha-dri","2019-12-30","2020-04-25","10% fat + fiber","2020-02-14","male","H-797-18","NZO/HlLtJ","None","JMUS85772b0455950f3c36154d25c3985d48","WT","2413"
"JMUS1685","alpha-dri","2019-12-30","2020-04-25","10% fat + fiber","2020-02-14","male","H-797-18","NZO/HlLtJ","None","JMUSf5b9489e122ae024a6fa4314badb8f15","WT","2414"
"JMUS1686","aspen","2019-12-29","2020-04-03","44% fat + fiber","2020-02-14","male","H-792-18","CAST/EiJ","None","JMUS0a50f76fc631b270f42ea56769290f0c","WT","2397"
"JMUS1687","aspen","2019-12-29","2020-04-03","44% fat + fiber","2020-02-14","male","H-792-18","CAST/EiJ","None","JMUS42fc2f28b60972c05ab02e60b5a64675","WT","2398"
"JMUS1688","aspen","2019-12-29","2020-04-29","44% fat + fiber","2020-02-14","male","H-793-18","CAST/EiJ","None","JMUS0f94b14deb62fe8f84b00da4f50f26b6","WT","2399"
"JMUS1689","aspen","2019-12-29","2020-03-24","44% fat + fiber","2020-02-14","male","H-793-18","CAST/EiJ","None","JMUS0d37af357bc9ee68051a9eabe32044fe","WT","2400"
"JMUS1690","aspen","2019-12-27","2020-04-18","44% fat + fiber","2020-02-06","female","H-790-18","CAST/EiJ","None","JMUSc427e3432b8ede68ee1e94b3992102e9","WT","2391"
"JMUS1691","aspen","2019-12-27","2020-04-21","44% fat + fiber","2020-02-06","female","H-790-18","CAST/EiJ","None","JMUSb276bf7e4c78ec91779299ff6627421f","WT","2392"
"JMUS1692","aspen","2019-12-27","2020-04-03","10% fat + fiber","2020-02-06","male","H-791-18","CAST/EiJ","None","JMUSabbc5edfb561da93d357e6a1783afb55","WT","2393"
"JMUS1693","aspen","2019-12-27","2020-06-04","10% fat + fiber","2020-02-06","male","H-791-18","CAST/EiJ","None","JMUSd8b6dce88e66cbf2ff8c0519876a5233","WT","2394"
"JMUS1694","aspen","2019-12-27","2020-04-03","10% fat + fiber","2020-02-06","male","H-791-18","CAST/EiJ","None","JMUSaf05fd804de6762cbebdb312a8f0f74e","WT","2395"
"JMUS1695","aspen","2019-12-27","2020-04-03","10% fat + fiber","2020-02-06","male","H-791-18","CAST/EiJ","None","JMUS590afe8b276c6a8770957b375c9d94d3","WT","2396"
"JMUS1696","aspen","2019-12-28","2020-04-03","44% fat + fiber","2020-02-14","male","H-787-18","C57BL/6J","None","JMUS3108856bebdb006c85bd0d3e406f86ca","WT","2382"
"JMUS1697","aspen","2019-12-28","2020-04-03","44% fat + fiber","2020-02-14","male","H-787-18","C57BL/6J","None","JMUSa9ea586e4936d1ef3ec6d5a084f712f9","WT","2383"
"JMUS1698","aspen","2019-12-28","2020-04-03","10% fat + fiber","2020-02-14","female","H-788-18","C57BL/6J","None","JMUS186a7569b10d73903896987bbdfd8621","WT","2384"
"JMUS1699","aspen","2019-12-28","2020-04-03","10% fat + fiber","2020-02-14","female","H-788-18","C57BL/6J","None","JMUS4d8545de079a26ae920661976967c559","WT","2385"
"JMUS1700","aspen","2019-12-28","2020-04-03","10% fat + fiber","2020-02-14","female","H-788-18","C57BL/6J","None","JMUSf375973db74228d1e375daafeb07f1ff","WT","2386"
"JMUS1701","aspen","2019-12-28","2020-04-03","10% fat + fiber","2020-02-14","female","H-788-18","C57BL/6J","None","JMUS992dde0443d22b8ec8436f2b53dcd1bc","WT","2387"
"JMUS1702","aspen","2019-12-28","2020-04-25","44% fat + fiber","2020-02-14","female","H-789-18","C57BL/6J","None","JMUS77c0f20bbd4fb4f05faa7e00bf06a063","WT","2388"
"JMUS1703","aspen","2019-12-28","2020-04-25","44% fat + fiber","2020-02-14","female","H-789-18","C57BL/6J","None","JMUSd32fc6e48ed252c090bfe3c9b341ea16","WT","2389"
"JMUS1704","aspen","2019-12-28","2020-04-25","44% fat + fiber","2020-02-14","female","H-789-18","C57BL/6J","None","JMUSc36ba5a3bb4f9ae8efe482e80edc08af","WT","2390"
"JMUS1705","aspen","2019-10-21","2020-02-05","44% fat + fiber","2019-12-05","female","null","CAST/EiJ","None","JMUS36b17758a5298d5c93ed58865d9ce696","WT","1025"
"JMUS1706","aspen","2019-10-25","2020-02-05","44% fat + fiber","2019-12-13","male","null","CAST/EiJ","None","JMUS1fb9439cc7d6095c3e7a4a7a0de00cf9","WT","1157"
"JMUS2434","aspen","2019-10-17","2020-01-25","44% fat + fiber","2019-11-26","female","null","CAST/EiJ","None","JMUS4f5b7ec921be6e24a8039ce534b75d1e","WT","1022"
"JMUS2435","aspen","2019-10-20","2020-02-03","10% fat + fiber","2019-12-05","male","null","CAST/EiJ","None","JMUS4488f1b4f5106b091bda2f73e834d238","WT","1032"
"JMUS2449","alpha-dri","2019-10-31","2020-02-19","10% fat + fiber","2019-12-20","female","null","NZO/HlLtJ","None","JMUS9ee5239044a9b658081d1c685a7e657c","WT","1136"
"JMUS2450","alpha-dri","2019-10-31","2020-02-19","10% fat + fiber","2019-12-20","female","null","NZO/HlLtJ","None","JMUSfe3b62019ac4e8fb05c036097326563c","WT","1137"
"JMUS2451","alpha-dri","2019-10-31","2020-02-19","10% fat + fiber","2019-12-20","female","null","NZO/HlLtJ","None","JMUS4272e0cd31452c087b28db85e458a1cd","WT","1138"
"JMUS2452","alpha-dri","2019-10-31","2020-02-19","44% fat + fiber","2019-12-20","female","null","NZO/HlLtJ","None","JMUSbf58255d31791b637ec0b6a37e5bac08","WT","1139"
"JMUS2453","alpha-dri","2019-10-31","2020-02-20","44% fat + fiber","2019-12-20","female","null","NZO/HlLtJ","None","JMUS52b5d52f2872180784646d726e167f35","WT","1140"
"JMUS2454","alpha-dri","2019-10-31","2020-02-20","44% fat + fiber","2019-12-20","female","null","NZO/HlLtJ","None","JMUSd4afaebe6cf52d9125edb33dba08bf6f","WT","1141"
"JMUS2455","alpha-dri","2019-10-31","2020-02-19","10% fat + fiber","2019-12-20","male","null","NZO/HlLtJ","None","JMUSe4436252f96c24bfab43925276905c30","WT","1142"
"JMUS2456","alpha-dri","2019-10-31","2020-02-19","10% fat + fiber","2019-12-20","male","null","NZO/HlLtJ","None","JMUS652f78bd392a443f1d5810412c61e6ba","WT","1143"
"JMUS2457","aspen","2019-10-27","2020-02-10","10% fat + fiber","2019-12-12","female","null","C57BL/6J","None","JMUS0cdb95656d49eafe940fc9a2b7f869f9","WT","1144"
"JMUS2458","aspen","2019-10-27","2020-02-18","10% fat + fiber","2019-12-12","female","null","C57BL/6J","None","JMUS3781908c9b314d45e08d15d8a60d942a","WT","1145"
"JMUS2459","aspen","2019-10-27","2020-02-18","10% fat + fiber","2019-12-12","female","null","C57BL/6J","None","JMUS7446a5dc30f538c7c57d2e4629452d8f","WT","1146"
"JMUS2460","aspen","2019-10-27","2020-02-10","10% fat + fiber","2019-12-12","male","null","C57BL/6J","None","JMUS6f07a05be67c0fe6a7233bfda010725c","WT","1147"
"JMUS2461","aspen","2019-10-27","2020-02-18","10% fat + fiber","2019-12-12","male","null","C57BL/6J","None","JMUS9348094fbbf6af33423b4e2b033c462c","WT","1148"
"JMUS2462","aspen","2019-10-27","2020-02-18","10% fat + fiber","2019-12-12","male","null","C57BL/6J","None","JMUS5eed5697e41382d1b7a81eed21a0e743","WT","1149"
"JMUS2470","aspen","2019-10-25","2020-02-10","44% fat + fiber","2019-12-13","male","null","CAST/EiJ","None","JMUS58ce40867d908ef48269fc9e642e5750","WT","1158"
"JMUS2471","aspen","2019-10-25","2020-02-10","44% fat + fiber","2019-12-13","male","null","CAST/EiJ","None","JMUS64321ae199fc1285a466e78e7a8b49e5","WT","1159"
"JMUS2482","aspen","2019-10-30","2020-02-17","44% fat + fiber","2019-12-20","female","H-400-18","C57BL/6J","None","JMUS0699c65721eb3dde007564e5a9a20fb4","WT","1197"
"JMUS2483","aspen","2019-10-30","2020-03-12","44% fat + fiber","2019-12-20","female","H-400-18","C57BL/6J","None","JMUSeab33e959abc0ec2018d1201d58f2feb","WT","1198"
"JMUS2484","aspen","2019-10-30","2020-03-12","44% fat + fiber","2019-12-20","female","H-400-18","C57BL/6J","None","JMUS1ebd933570e2e547a719231387d6a895","WT","1199"
"JMUS2485","aspen","2019-10-30","2020-03-12","44% fat + fiber","2019-12-20","female","H-400-18","C57BL/6J","None","JMUS4142168bfa27cc506c2b8f18f18cd00c","WT","1200"
"JMUS2486","aspen","2019-10-30","2020-02-17","44% fat + fiber","2019-12-20","male","H-401-18","C57BL/6J","None","JMUS21ee3355ccbcd8e3c66870dcbc17671b","WT","1201"
"JMUS2487","aspen","2019-10-30","2020-02-17","44% fat + fiber","2019-12-20","male","H-401-18","C57BL/6J","None","JMUSe94955bfb38cd0c8702ba6f1214533b4","WT","1202"
"JMUS2488","aspen","2019-10-30","2020-03-12","44% fat + fiber","2019-12-20","male","H-401-18","C57BL/6J","None","JMUSeee55e171918cb932ec66a106147ae85","WT","1203"
"JMUS2489","aspen","2019-10-30","2020-03-12","44% fat + fiber","2019-12-20","male","H-401-18","C57BL/6J","None","JMUS85ab99c858f24458b789704d396f3e4c","WT","1204"
"JMUS2490","aspen","2019-10-30","2020-03-12","44% fat + fiber","2019-12-20","male","H-401-18","C57BL/6J","None","JMUS702b2ef6382341c36adb60ae72aca96d","WT","1205"
"JMUS2511","alpha-dri","2019-11-03","2020-02-19","10% fat + fiber","2019-12-20","female","null","NZO/HlLtJ","None","JMUS4232dd568589e4b5e3a89b5459f7d95a","WT","1369"
"JMUS2512","alpha-dri","2019-11-03","2020-04-25","10% fat + fiber","2019-12-20","female","null","NZO/HlLtJ","None","JMUS50d1ba9a37c5b8b4625850221d837f29","WT","1370"
"JMUS2513","alpha-dri","2019-11-03","2020-02-24","44% fat + fiber","2019-12-20","female","null","NZO/HlLtJ","None","JMUS808c0e0dfdf4ec0748328cbf318cbb6a","WT","1371"
"JMUS2514","alpha-dri","2019-11-03","2020-02-24","44% fat + fiber","2019-12-20","female","null","NZO/HlLtJ","None","JMUScaa029355e9570d04271baa26167a4e2","WT","1372"
"JMUS2515","alpha-dri","2019-11-03","2020-02-20","44% fat + fiber","2019-12-20","male","null","NZO/HlLtJ","None","JMUSadbc34e96fefeeac6a75cf23d42ad907","WT","1373"
"JMUS2516","alpha-dri","2019-11-03","2020-02-20","44% fat + fiber","2019-12-20","male","null","NZO/HlLtJ","None","JMUS504f2a839093e8d8586d80abc006fd2e","WT","1374"
"JMUS2517","alpha-dri","2019-11-03","2020-02-20","44% fat + fiber","2019-12-20","male","null","NZO/HlLtJ","None","JMUS1c807d1e486079fead071ce8c446fa02","WT","1375"
"JMUS2518","alpha-dri","2019-11-03","2020-06-05","44% fat + fiber","2019-12-20","male","null","NZO/HlLtJ","None","JMUSce6544d1764fef0de6e1dd16e1bb7f8e","WT","1376"
"JMUS2533","aspen","2019-11-01","2020-01-08","10% fat + fiber","2019-12-01","female","null","CAST/EiJ","None","JMUS548b06b5f318fc47d5a5a5d9ea635991","WT","1412"
"JMUS2534","aspen","2019-11-01","2020-01-21","10% fat + fiber","2019-12-01","female","null","CAST/EiJ","None","JMUS02207cb4d5c26f2aa488e97736274487","WT","1413"
"JMUS2535","aspen","2019-11-01","2020-01-21","10% fat + fiber","2019-12-01","female","null","CAST/EiJ","None","JMUS03127bc4b720414a5152459b4a4b9344","WT","1414"
"JMUS2536","aspen","2019-11-01","2020-01-21","10% fat + fiber","2019-12-01","female","null","CAST/EiJ","None","JMUS8cf4a36fa297be4e49d369b71abcb5ef","WT","1415"
"JMUS2540","alpha-dri","2019-11-22","2020-03-04","10% fat + fiber","2020-01-03","male","H-553-18","NZO/HlLtJ","None","JMUS7c49831fad09474fb24d7cecd0cc7b43","WT","1601"
"JMUS2541","alpha-dri","2019-11-22","2020-03-02","10% fat + fiber","2020-01-03","male","H-553-18","NZO/HlLtJ","None","JMUS3043763ea2ff4f1e22011d5875e4e057","WT","1602"
"JMUS2555","alpha-dri","11/27/2019","1/9/2020","10% fat + fiber","3/24/2020","female","H-490-18","NZO/HlLtJ","None","JMUS2555d0520968c3e1297b8568a61bb9d7376e","WT",""
"JMUS2556","alpha-dri","11/27/2019","1/9/2020","10% fat + fiber","3/24/2020","female","H-490-18","NZO/HlLtJ","None","JMUS25568170d5edcd9cc88d13044935898b408d","WT",""
"JMUS2557","alpha-dri","11/27/2019","1/9/2020","10% fat + fiber","3/24/2020","female","H-490-18","NZO/HlLtJ","None","JMUS2557e64707d4345d4176ba1102861e9f8b50","WT",""
"JMUS2561","alpha-dri","11/27/2019","1/9/2020","10% fat + fiber","3/24/2020","male","H-488-18","NZO/HlLtJ","None","JMUS2561bec449e152db991ddaeea89000833aa5","WT",""
"JMUS2562","alpha-dri","11/27/2019","1/9/2020","10% fat + fiber","3/24/2020","male","H-488-18","NZO/HlLtJ","None","JMUS256253cb01b75db3250ef15fb643053f2000","WT",""
"JMUS2563","alpha-dri","11/27/2019","1/9/2020","10% fat + fiber","3/24/2020","male","H-488-18","NZO/HlLtJ","None","JMUS2563ac076dd8340fb6f3e160ce8f560827a7","WT",""
"JMUS2564","aspen","11/28/2019","1/9/2020","10% fat + fiber","3/24/2020","female","H-492-18","CAST/EiJ","None","JMUS25641e1316a294a7156e848207fc5a52ba97","WT",""
"JMUS2565","aspen","11/28/2019","1/9/2020","10% fat + fiber","3/24/2020","female","H-492-18","CAST/EiJ","None","JMUS256503f67212f7c2e1678d384c86b37b5f2d","WT",""
"JMUS2566","aspen","11/28/2019","1/9/2020","10% fat + fiber","3/24/2020","female","H-492-18","CAST/EiJ","None","JMUS2566946c9755c4c233b12af824f9a821c9e2","WT",""
"JMUS2567","aspen","11/26/2019","1/9/2020","10% fat + fiber","3/24/2020","male","H-495-18","CAST/EiJ","None","JMUS2567b25c4b617c56c06ee32130bff93e04dd","WT",""
"JMUS2568","aspen","2019-11-26","2020-02-12","10% fat + fiber","2020-01-09","male","H-495-18","CAST/EiJ","None","JMUSb0a8b58d02a5d9ccc8ee6298fdcb7e33","WT","1717"
"JMUS2569","aspen","2019-11-26","2020-02-17","10% fat + fiber","2020-01-09","male","H-495-18","CAST/EiJ","None","JMUSa779e39ba741638f0241311a160e2bb9","WT","1718"
"JMUS2570","aspen","11/25/2019","1/9/2020","10% fat + fiber","3/24/2020","female","H-481-18","C57BL/6J","None","JMUS257086cd827fc68b7f0b3a7569e5e45b6603","WT",""
"JMUS2571","aspen","11/25/2019","1/9/2020","10% fat + fiber","3/24/2020","female","H-481-18","C57BL/6J","None","JMUS25712fe68c22022f4df188b0625bac15aa92","WT",""
"JMUS2572","aspen","11/25/2019","1/9/2020","10% fat + fiber","3/24/2020","female","H-481-18","C57BL/6J","None","JMUS2572944d091c1311a6344ae8cd89998aaf8e","WT",""
"JMUS2573","aspen","11/25/2019","1/9/2020","10% fat + fiber","3/24/2020","male","H-482-18","C57BL/6J","None","JMUS2573f56034deea7fff1e7e30237c1e6bba07","WT",""
"JMUS2574","aspen","11/25/2019","1/9/2020","10% fat + fiber","3/24/2020","male","H-482-18","C57BL/6J","None","JMUS2574264d65acf239c27906e8156d529f42a8","WT",""
"JMUS2575","aspen","11/25/2019","1/9/2020","10% fat + fiber","3/24/2020","male","H-482-18","C57BL/6J","None","JMUS2575e7a0dfd871385e81006cab90e5d60634","WT",""
"JMUS2579","alpha-dri","12/2/2019","1/16/2020","10% fat + fiber","3/24/2020","male","H-567-18","NZO/HlLtJ","None","JMUS25790b00c6c7a15cc729cb46422310b79a88","WT",""
"JMUS2580","alpha-dri","12/2/2019","1/16/2020","10% fat + fiber","3/24/2020","male","H-567-18","NZO/HlLtJ","None","JMUS2580182cdb2701f07a3129566e338ffb2f70","WT",""
"JMUS2581","alpha-dri","12/2/2019","1/16/2020","10% fat + fiber","3/24/2020","male","H-567-18","NZO/HlLtJ","None","JMUS258199fa040eaef5f2c570e3f6da87047d85","WT",""
"JMUS2585","alpha-dri","11/30/2019","1/16/2020","10% fat + fiber","3/24/2020","female","H-569-18","NZO/HlLtJ","None","JMUS25853118540eb4a2a1746b779a1134e2e9d3","WT",""
"JMUS2586","alpha-dri","11/30/2019","1/16/2020","10% fat + fiber","3/24/2020","female","H-569-18","NZO/HlLtJ","None","JMUS25863629a98f5d92086807cddcc5f1b73ae5","WT",""
"JMUS2587","alpha-dri","11/30/2019","1/16/2020","10% fat + fiber","3/24/2020","female","H-569-18","NZO/HlLtJ","None","JMUS2587848f8374fbc43b897d0936fcdc5add40","WT",""
"JMUS2600","aspen","2019-12-08","2020-03-24","10% fat + fiber","2020-01-23","female","H-636-18","C57BL/6J","None","JMUS852ea6c5a53d9fddc43c60b0ec8035f0","WT","1998"
"JMUS2601","aspen","12/8/2019","1/23/2020","10% fat + fiber","3/24/2020","female","H-636-18","C57BL/6J","None","JMUS2601e33130c7bcc63c451475f3744731b157","WT",""
"JMUS2602","aspen","12/8/2019","1/23/2020","10% fat + fiber","3/24/2020","female","H-636-18","C57BL/6J","None","JMUS260226c803a91e0275b3c1e11c861d51efe1","WT",""
"JMUS2608","aspen","12/8/2019","1/23/2020","10% fat + fiber","3/24/2020","male","H-639-18","C57BL/6J","None","JMUS2608feedf72c80cc46194aeee5dbc14ed4d0","WT",""
"JMUS2609","aspen","12/8/2019","1/23/2020","10% fat + fiber","3/24/2020","male","H-639-18","C57BL/6J","None","JMUS2609f592aaf9d140b225d429063b13858114","WT",""
"JMUS2610","aspen","12/8/2019","1/23/2020","10% fat + fiber","3/24/2020","male","H-639-18","C57BL/6J","None","JMUS261041b6f6507d8e124a0702a18a7b15c032","WT",""
"JMUS2611","aspen","12/9/2019","1/23/2020","10% fat + fiber","6/4/2020","male","H-869-18","CAST/EiJ","None","JMUS2611fe3c161d9ff5904f24594c34b942c755","WT",""
"JMUS2612","aspen","12/9/2019","1/23/2020","10% fat + fiber","6/4/2020","male","H-869-18","CAST/EiJ","None","JMUS2612c36c42aee90d1adcd59926cb6ca50124","WT",""
"JMUS2613","aspen","12/9/2019","1/23/2020","10% fat + fiber","6/4/2020","male","H-869-18","CAST/EiJ","None","JMUS2613a6776ac67fa6efeb1141fbc000a3c5d1","WT",""
"JMUS2617","aspen","12/12/2019","1/23/2020","10% fat + fiber","6/4/2020","female","","CAST/EiJ","None","JMUS2617d77a1705f6a6fe4812bcc973e677f65f","WT",""
"JMUS2618","aspen","12/12/2019","1/23/2020","10% fat + fiber","6/4/2020","female","","CAST/EiJ","None","JMUS2618f4174bfa0facaeae1f09c094824be150","WT",""
"JMUS2619","aspen","12/12/2019","1/23/2020","10% fat + fiber","6/4/2020","female","","CAST/EiJ","None","JMUS2619b6114962d9bf7137249984503cbf97fd","WT",""
"JMUS2624","alpha-dri","2019-11-27","2020-03-09","10% fat + fiber","2020-01-09","female","H-483-18","NZO/HlLtJ","None","JMUSeefa8abfbba83b0eda5b2a33b49156f2","WT","1685"
"JMUS2625","alpha-dri","2019-11-27","2020-03-09","10% fat + fiber","2020-01-09","female","H-483-18","NZO/HlLtJ","None","JMUS5260ba9c32419b5d8a1955997f46e0f8","WT","1686"
"JMUS2626","alpha-dri","2019-11-27","2020-03-09","10% fat + fiber","2020-01-09","male","H-485-18","NZO/HlLtJ","None","JMUS365ef4c84ce3b4114af2a9d795768ae0","WT","1690"
"JMUS2627","alpha-dri","2019-11-27","2020-03-09","10% fat + fiber","2020-01-09","male","H-485-18","NZO/HlLtJ","None","JMUS03b436bbf64d3b2277a2f506ffe06d92","WT","1691"
"JMUS2628","alpha-dri","2019-11-27","2020-03-09","10% fat + fiber","2020-01-09","male","H-485-18","NZO/HlLtJ","None","JMUSea7411554f683b33e3b0a00f800661cc","WT","1692"
"JMUS2629","alpha-dri","2019-11-23","2020-03-10","44% fat + fiber","2020-01-09","female","H-491-18","NZO/HlLtJ","None","JMUSd3a938b9bed93764c23596e61e01b249","WT","1705"
"JMUS2630","alpha-dri","2019-11-23","2020-03-10","44% fat + fiber","2020-01-09","female","H-491-18","NZO/HlLtJ","None","JMUS160c82119aa2d8099ce4810e13ae5534","WT","1706"
"JMUS2631","alpha-dri","2019-11-23","2020-03-10","44% fat + fiber","2020-01-09","female","H-491-18","NZO/HlLtJ","None","JMUS67d1b6e19c9fdaf6eded42054894a278","WT","1707"
"JMUS2632","alpha-dri","2019-11-23","2020-03-10","44% fat + fiber","2020-01-09","female","H-491-18","NZO/HlLtJ","None","JMUSe1c48f9f56dc93cd495425b9d88edfbd","WT","1708"
"JMUS2633","aspen","2019-11-23","2020-03-09","10% fat + fiber","2020-01-09","female","H-496-18","C57BL/6J","None","JMUSec3d610a457e02ed6e0e275d2c91b53f","WT","1719"
"JMUS2634","aspen","2019-11-23","2020-03-09","10% fat + fiber","2020-01-09","female","H-496-18","C57BL/6J","None","JMUS254f62cd208db095a1bdeeeff227a274","WT","1720"
"JMUS2635","aspen","2019-11-23","2020-03-10","10% fat + fiber","2020-01-09","female","H-496-18","C57BL/6J","None","JMUS6af935f0a41e1075cd17d64e72b71215","WT","1721"
"JMUS2636","aspen","2019-11-23","2020-04-25","10% fat + fiber","2020-01-09","female","H-496-18","C57BL/6J","None","JMUS1dbd941a2adf87c5babc82d42ef8bf6d","WT","1722"
"JMUS2637","aspen","2019-11-23","2020-03-10","10% fat + fiber","2020-01-09","male","H-497-18","C57BL/6J","None","JMUS79fad67af7105987ec83cd7cf0397925","WT","1723"
"JMUS2638","aspen","2019-11-23","2020-04-25","10% fat + fiber","2020-01-09","male","H-497-18","C57BL/6J","None","JMUS0b47b38990417507aa0a3673e0239db1","WT","1724"
"JMUS2639","aspen","2019-11-23","2020-04-25","10% fat + fiber","2020-01-09","male","H-497-18","C57BL/6J","None","JMUSc3488da57eb69ba5e2a7891fcb7dd1a2","WT","1725"
"JMUS2640","aspen","2019-11-23","2020-04-25","10% fat + fiber","2020-01-09","male","H-497-18","C57BL/6J","None","JMUS7f4162f5cab0d22ee564201d1237db79","WT","1726"
"JMUS2641","aspen","2019-11-29","2020-03-09","10% fat + fiber","2020-01-09","male","H-494-18","CAST/EiJ","None","JMUS2512fafb6ac01f71cb66e54357113b13","WT","1714"
"JMUS2642","aspen","2019-11-29","2020-03-09","10% fat + fiber","2020-01-09","male","H-494-18","CAST/EiJ","None","JMUSef941d68982fecd6af42c04ea5164174","WT","1715"
"JMUS2643","aspen","2019-11-28","2020-03-10","10% fat + fiber","2020-01-09","male","H-493-18","CAST/EiJ","None","JMUS225b01bd735b03e55e4b5b1436457fca","WT","1712"
"JMUS2644","aspen","2019-11-28","2020-03-10","10% fat + fiber","2020-01-09","male","H-493-18","CAST/EiJ","None","JMUS72b9b439aa926c859cf019669352e221","WT","1713"
"JMUS2645","alpha-dri","2019-11-30","2020-03-16","10% fat + fiber","2020-01-09","male","H-570-18","NZO/HlLtJ","None","JMUSccce7139d086e160d8c34409be20209d","WT","1781"
"JMUS2646","alpha-dri","2019-11-30","2020-03-16","10% fat + fiber","2020-01-09","male","H-570-18","NZO/HlLtJ","None","JMUS982fb283c9644317fd99bb03ad820917","WT","1782"
"JMUS2647","alpha-dri","2019-12-01","2020-03-16","44% fat + fiber","2020-01-17","female","H-571-18","NZO/HlLtJ","None","JMUS8d5c0e24f1208b58dd912938f0fe2b1d","WT","1783"
"JMUS2648","alpha-dri","2019-12-01","2020-03-16","44% fat + fiber","2020-01-17","female","H-571-18","NZO/HlLtJ","None","JMUS2fe38768cbd0cfc837faa8b51daa6c2c","WT","1784"
"JMUS2649","alpha-dri","2019-12-01","2020-03-17","10% fat + fiber","2020-01-17","female","H-571-18","NZO/HlLtJ","None","JMUS036e97d539c47f460ded24c1524496c2","WT","1785"
"JMUS2650","alpha-dri","2019-12-01","2020-03-17","10% fat + fiber","2020-01-17","female","H-571-18","NZO/HlLtJ","None","JMUS0f4c8d31841ae5aaaf50d2df87179bc0","WT","1786"
"JMUS2651","alpha-dri","2019-12-02","2020-03-16","10% fat + fiber","2020-01-17","female","H-574-18","NZO/HlLtJ","None","JMUSc115b288b0468530dfb7fff88a6b847d","WT","1791"
"JMUS2652","alpha-dri","2019-12-02","2020-03-16","10% fat + fiber","2020-01-17","female","H-574-18","NZO/HlLtJ","None","JMUSb2bfd8b3659648de6d0e6d7798337266","WT","1792"
"JMUS2653","alpha-dri","2019-12-02","2020-03-16","10% fat + fiber","2020-01-17","female","H-574-18","NZO/HlLtJ","None","JMUSef7ace7a13c372bc752278a930d6d359","WT","1793"
"JMUS2654","alpha-dri","2019-12-02","2020-03-16","10% fat + fiber","2020-01-17","female","H-574-18","NZO/HlLtJ","None","JMUS7e9b04c64e3525fc0875cef2e763f877","WT","1794"
"JMUS2655","alpha-dri","2019-12-02","2020-03-17","44% fat + fiber","2020-01-17","male","H-575-18","NZO/HlLtJ","None","JMUS2def26834821f38f7badab54cf0febad","WT","1795"
"JMUS2656","alpha-dri","2019-12-02","2020-03-17","44% fat + fiber","2020-01-17","male","H-575-18","NZO/HlLtJ","None","JMUSe6d1e8002cf7d61f8dbf3bfc97792211","WT","1796"
"JMUS2657","alpha-dri","2019-12-02","2020-06-05","44% fat + fiber","2020-01-17","male","H-575-18","NZO/HlLtJ","None","JMUS5061dc5a8a4346819a495ac4152a6387","WT","1797"
"JMUS2658","aspen","2019-11-30","2020-03-16","10% fat + fiber","2020-01-17","male","H-674-18","C57BL/6J","None","JMUSbe0844be3db8c158ea64dfe4541280fe","WT","1838"
"JMUS2659","aspen","2019-11-30","2020-04-25","10% fat + fiber","2020-01-17","male","H-674-18","C57BL/6J","None","JMUS86c34071bc552449820518eb93410f95","WT","1839"
"JMUS2660","aspen","2019-11-30","2020-03-17","44% fat + fiber","2020-01-17","male","H-674-18","C57BL/6J","None","JMUS79bee6ba3ce71aeb1366083e199c50ea","WT","1840"
"JMUS2661","aspen","2019-11-30","2020-03-17","44% fat + fiber","2020-01-17","male","H-674-18","C57BL/6J","None","JMUS64e80cde79ef7221e322ac548e6d9f1a","WT","1841"
"JMUS2662","aspen","2019-11-30","2020-03-16","44% fat + fiber","2020-01-17","male","H-674-18","C57BL/6J","None","JMUS9bd806c5886082849de6f58f9adfdeeb","WT","1842"
"JMUS2663","aspen","2019-11-30","2020-03-12","44% fat + fiber","2020-01-17","female","H-675-18","C57BL/6J","None","JMUS6738c5efe274f682a8413191501a413d","WT","1843"
"JMUS2664","aspen","2019-11-30","2020-03-16","44% fat + fiber","2020-01-17","female","H-675-18","C57BL/6J","None","JMUSe7d046eeed6249c364b04d08891493af","WT","1844"
"JMUS2665","aspen","2019-11-30","2020-06-05","44% fat + fiber","2020-01-17","female","H-675-18","C57BL/6J","None","JMUS35bcef1756a6505d39d6a661d866e46a","WT","1845"
"JMUS2666","aspen","2019-11-30","2020-06-05","44% fat + fiber","2020-01-17","female","H-675-18","C57BL/6J","None","JMUS82dc899f39087b33c96008d93662c99e","WT","1846"
"JMUS2667","aspen","2019-11-30","2020-06-05","44% fat + fiber","2020-01-17","female","H-675-18","C57BL/6J","None","JMUSce6468c5277294100b74c1e999847391","WT","1847"
"JMUS2668","aspen","2019-12-04","2020-03-13","10% fat + fiber","2020-01-17","female","H-646-18","CAST/EiJ","None","JMUS91458b4e3e1458a0e2fe67fe1f005788","WT","2031"
"JMUS2669","aspen","2019-12-04","2020-02-17","10% fat + fiber","2020-01-17","female","H-646-18","CAST/EiJ","None","JMUSfb927c0d5774225281d6fa1d2ec7ea7b","WT","2032"
"JMUS2670","aspen","2019-12-04","2020-03-16","10% fat + fiber","2020-01-17","female","H-646-18","CAST/EiJ","None","JMUS1ee1c83d4d25ca95bbb57d15ee829568","WT","2033"
"JMUS2671","aspen","2019-12-04","2020-03-17","44% fat + fiber","2020-01-17","male","H-647-18","CAST/EiJ","None","JMUS5f1e77609e539ad8ad64c2e9281b05c1","WT","2034"
"JMUS2672","aspen","2019-12-04","2020-03-17","44% fat + fiber","2020-01-17","male","H-647-18","CAST/EiJ","None","JMUSa41c3a2e5ae0006ec8a927583d22eb02","WT","2035"
"JMUS2673","aspen","2019-12-04","2020-03-16","44% fat + fiber","2020-01-17","male","H-647-18","CAST/EiJ","None","JMUS0984df9200c92ee2f08eeea62e0c21aa","WT","2036"
"JMUS2674","alpha-dri","2019-12-02","2020-04-25","44% fat + fiber","2020-01-23","female","H-650-18","NZO/HlLtJ","None","JMUS4f5e387d7f59b796f2f594d55604b248","WT","2043"
"JMUS2675","alpha-dri","2019-12-02","2020-04-25","44% fat + fiber","2020-01-23","female","H-650-18","NZO/HlLtJ","None","JMUS43997e78de3af09f2ab6fd17207f0aee","WT","2044"
"JMUS2676","alpha-dri","2019-12-02","2020-04-25","44% fat + fiber","2020-01-23","female","H-650-18","NZO/HlLtJ","None","JMUS12482987e73c8d3d5c1d801502942404","WT","2045"
"JMUS2677","alpha-dri","2019-12-02","2020-04-25","44% fat + fiber","2020-01-23","female","H-650-18","NZO/HlLtJ","None","JMUSa174da8d03bf741afad32210935b5121","WT","2046"
"JMUS2678","alpha-dri","2019-12-02","2020-03-24","44% fat + fiber","2020-01-23","male","H-651-18","NZO/HlLtJ","None","JMUS53f614a68114d3e0b00d69e84babfd0d","WT","2047"
"JMUS2679","alpha-dri","2019-12-02","2020-03-24","44% fat + fiber","2020-01-23","male","H-651-18","NZO/HlLtJ","None","JMUS67d98819578c5efef2902a7efa91e44c","WT","2048"
"JMUS2680","alpha-dri","2019-12-02","2020-03-24","44% fat + fiber","2020-01-23","male","H-651-18","NZO/HlLtJ","None","JMUSdb7f00e5e2c3db72c1bbb91819070ba6","WT","2049"
"JMUS2681","alpha-dri","2019-12-02","2020-03-24","44% fat + fiber","2020-01-23","male","H-651-18","NZO/HlLtJ","None","JMUS618d529d2f18277022b1ec9dcbb51983","WT","2050"
"JMUS2682","aspen","2019-12-10","2020-03-26","44% fat + fiber","2020-01-23","female","H-640-18","C57BL/6J","None","JMUSfac724fc03bfdbd87a1782596a587f72","WT","2009"
"JMUS2683","aspen","2019-12-10","2020-04-25","44% fat + fiber","2020-01-23","female","H-640-18","C57BL/6J","None","JMUS0d62cdbafcab6aba0d1c348739b4c611","WT","2010"
"JMUS2684","aspen","2019-12-10","2020-03-26","10% fat + fiber","2020-01-23","female","H-640-18","C57BL/6J","None","JMUS735be998e3d49bb922cc3edb89b21d6c","WT","2011"
"JMUS2685","aspen","2019-12-10","2020-04-25","10% fat + fiber","2020-01-23","female","H-640-18","C57BL/6J","None","JMUSc4ffd32a404f23004940ca55e0f214fd","WT","2012"
"JMUS2686","aspen","12/10/2019","1/23/2020","10% fat + fiber","4/25/2020","female","","C57BL/6J","None","JMUS26862329b8d07871a66038db716467ea9d03","WT",""
"JMUS2687","aspen","2019-12-10","2020-03-24","44% fat + fiber","2020-01-23","male","H-641-18","C57BL/6J","None","JMUS2e571036794ea65c4cc1ef4eb77d32a6","WT","2014"
"JMUS2688","aspen","2019-12-10","2020-04-25","44% fat + fiber","2020-01-23","male","H-641-18","C57BL/6J","None","JMUS8b39be538df03eafb789bbacf47fccee","WT","2015"
"JMUS2689","aspen","2019-12-10","2020-03-26","10% fat + fiber","2020-01-23","male","H-641-18","C57BL/6J","None","JMUS51f200a393666942402f016bcf882238","WT","2016"
"JMUS2690","aspen","2019-12-10","2020-04-25","10% fat + fiber","2020-01-23","male","H-641-18","C57BL/6J","None","JMUS02b1b8bc458d2659656e65a0174f0ae9","WT","2017"
"JMUS2691","aspen","2019-12-04","2020-03-24","44% fat + fiber","2020-01-23","female","H-648-18","CAST/EiJ","None","JMUS357734b5ec27b77d024bf441c5a47c88","WT","2037"
"JMUS2692","aspen","2019-12-04","2020-03-24","44% fat + fiber","2020-01-23","female","H-648-18","CAST/EiJ","None","JMUS5967caae2b2f9a387355239088925e5a","WT","2038"
"JMUS2693","aspen","2019-12-04","2020-03-24","44% fat + fiber","2020-01-23","female","H-648-18","CAST/EiJ","None","JMUSde04ff6e1037a1f576d64deb23e61d98","WT","2039"
"JMUS2694","aspen","2019-12-04","2020-06-04","44% fat + fiber","2020-01-23","female","H-648-18","CAST/EiJ","None","JMUS58aee858b201a7fc0e5135d34572b35d","WT","2040"
"JMUS2695","aspen","2019-12-10","2020-06-04","44% fat + fiber","2020-01-23","male","H-649-18","CAST/EiJ","None","JMUS63f4e9df7c6bbd779f853a80bf522805","WT","2041"
"JMUS2696","aspen","2019-12-10","2020-03-16","44% fat + fiber","2020-01-23","male","H-649-18","CAST/EiJ","None","JMUS0f083c9344cb748d5166b972d0e4bd17","WT","2042"
"JMUS2697","alpha-dri","2019-12-09","2020-03-24","10% fat + fiber","2020-01-23","male","H-652-18","NZO/HlLtJ","None","JMUSfb9b2c895d24b88f3949941d7a23c7fa","WT","2051"
"JMUS2698","alpha-dri","2019-12-09","2020-03-24","10% fat + fiber","2020-01-23","male","H-652-18","NZO/HlLtJ","None","JMUS096a5465e7d99e6454e3a710a05d0435","WT","2052"
"JMUS2699","alpha-dri","2019-12-09","2020-06-05","10% fat + fiber","2020-01-23","male","H-652-18","NZO/HlLtJ","None","JMUS5ecdaa8d64ff57d2d48c548c44f3aabe","WT","2053"
"JMUS2700","aspen","2020-01-03","2020-04-03","10% fat + fiber","2020-02-14","female","H-839-18","CAST/EiJ","None","JMUS48701834f7453619df0f871d4855461f","WT","2518"
"JMUS2701","aspen","2020-01-03","2020-03-05","10% fat + fiber","2020-02-14","female","H-839-18","CAST/EiJ","None","JMUS94fa3091b8f17287460a6633dd9c3b90","WT","2519"
"JMUS2702","aspen","2020-01-03","2020-03-03","10% fat + fiber","2020-02-14","female","H-839-18","CAST/EiJ","None","JMUS7738ff84ad4e7bb565b3ade6299e0fb0","WT","2520"
"JMUS2703","aspen","2020-01-03","2020-04-25","10% fat + fiber","2020-02-14","female","H-839-18","CAST/EiJ","None","JMUSd51427bcf47389ed891d16e3bde6f9fd","WT","2521"
"JMUS2704","aspen","2020-01-03","2020-03-03","10% fat + fiber","2020-02-14","female","H-839-18","CAST/EiJ","None","JMUS05f4a61cbe5ca2df5537a64ad9885b5e","WT","2522"
"JMUS2705","aspen","2019-12-24","2020-04-03","44% fat + fiber","2020-02-07","female","H-941-18","CAST/EiJ","None","JMUS25e4f6ad97ccbbb0a5711a3e39114021","WT","2783"
"JMUS2706","aspen","2019-12-24","2020-04-03","44% fat + fiber","2020-02-07","female","H-941-18","CAST/EiJ","None","JMUSb2faa4c16d2c73193d29f31faeced75c","WT","2784"
"JMUS3044","aspen","2020-03-24","2020-07-09","10% fat + fiber","2020-05-06","female","H-1574-18","C57BL/6J","None","JMUS9335210cf51fb2be999b01409e696605","WT","3693"
"JMUS3045","aspen","2020-03-24","2020-05-27","10% fat + fiber","2020-05-06","female","H-1340-18","C57BL/6J","None","JMUSec639059d2aa8607c65ea44e2d202301","WT","3694"
"JMUS3046","aspen","2020-03-24","2020-05-27","10% fat + fiber","2020-05-06","female","H-1340-18","C57BL/6J","None","JMUSc997ab5b493b4975dff11fab0e039fae","WT","3695"
"JMUS3047","aspen","2020-03-24","2020-07-06","44% fat + fiber","2020-05-06","female","H-1575-18","C57BL/6J","None","JMUS5e1727248778619f3a9922546cff08b1","WT","3698"
"JMUS3048","aspen","3/24/2020","7/6/2020","44% fat + fiber","5/6/2020","female","H-1341-18","C57BL/6J","None","JMUSd7853e25688b50617fd4c367d05646f2","WT",""
"JMUS3049","aspen","3/24/2020","7/6/2020","44% fat + fiber","5/6/2020","female","H-1341-18","C57BL/6J","None","JMUS04b5f52c15eb11c1a3af0333eef0ac7b","WT",""
"JMUS3050","aspen","2020-03-24","2020-07-06","10% fat + fiber","2020-05-06","male","H-1576-18","C57BL/6J","None","JMUScdbb8683835f8b1658beccc758d00fe9","WT","3713"
"JMUS3051","aspen","2020-03-24","2020-06-05","10% fat + fiber","2020-05-06","male","H-1344-18","C57BL/6J","None","JMUS26d44100e9836cc86d49bf3acb5767a5","WT","3714"
"JMUS3052","aspen","2020-03-24","2020-07-08","44% fat + fiber","2020-05-06","male","H-1577-18","C57BL/6J","None","JMUSb77a77277e2b4a2ec0334a12a900640e","WT","3718"
"JMUS3053","aspen","3/24/2020","7/6/2020","44% fat + fiber","5/6/2020","male","H-1345-18","C57BL/6J","None","JMUSbb6eb76996070e63b4b548f8353d7c58","WT",""
"JMUS3054","aspen","2020-03-24","2020-07-06","10% fat + fiber","2020-05-06","female","H-1578-18","CAST/EiJ","None","JMUS3f2a52bff00e0a24de725b7f4ddaecae","WT","3733"
"JMUS3055","aspen","2020-03-24","2020-05-27","10% fat + fiber","2020-05-06","female","H-1348-18","CAST/EiJ","None","JMUS98052c6621649a8403cdcb39700626dc","WT","3734"
"JMUS3056","aspen","2020-03-24","2020-07-06","44% fat + fiber","2020-05-06","female","H-1579-18","CAST/EiJ","None","JMUS30c6aaad8d4339d40e80e9516978ea85","WT","3738"
"JMUS3057","aspen","2020-03-24","2020-06-23","44% fat + fiber","2020-05-06","female","H-1350-18","CAST/EiJ","None","JMUS7b06eeec13b5c0b6cfdb1726d1e49937","WT","3739"
"JMUS3058","aspen","3/24/2020","7/6/2020","44% fat + fiber","5/6/2020","female","H-1350-18","CAST/EiJ","None","JMUSff886897b1283d159223a5e4f1b7e898","WT",""
"JMUS3059","aspen","2020-03-24","2020-07-09","10% fat + fiber","2020-05-06","male","H-1580-18","CAST/EiJ","None","JMUSf7639d4e0b612271c3bdc02f0ca1f8b6","WT","3753"
"JMUS3060","aspen","2020-03-24","2020-05-27","10% fat + fiber","2020-05-06","male","H-1356-18","CAST/EiJ","None","JMUS2c64e0cee3d257f57b0f63ca6c6f4737","WT","3754"
"JMUS3061","aspen","2020-03-24","2020-07-08","44% fat + fiber","2020-05-06","male","H-1581-18","CAST/EiJ","None","JMUS91de2fef57296514ddf7a428bfb9896f","WT","3758"
"JMUS3062","aspen","3/24/2020","7/6/2020","44% fat + fiber","5/6/2020","male","H-1358-18","CAST/EiJ","None","JMUSe776d5d2578109783c93aa590b3494d0","WT",""
"JMUS3063","alpha-dri","3/24/2020","7/9/2020","10% fat + fiber","5/6/2020","female","H-1582-18","NZO/HlLtJ","","JMUS3063efd811a8b6143b0e0ebe3115ed3a77b5","WT",""
"JMUS3064","alpha-dri","3/24/2020","7/8/2020","10% fat + fiber","5/6/2020","female","H-1585-18","NZO/HlLtJ","","JMUS3064e6be6ef767d5c8333c66fa72cae17176","WT",""
"JMUS3065","alpha-dri","3/24/2020","7/9/2020","44% fat + fiber","5/6/2020","female","H-1584-18","NZO/HlLtJ","","JMUS30655fad415a4c5b629fcfd7e6e7cb0f5afe","WT",""
"JMUS3066","alpha-dri","3/24/2020","7/8/2020","44% fat + fiber","5/6/2020","female","H-1583-18","NZO/HlLtJ","","JMUS3066474f5be8740342b89091e0d466258137","WT",""
"JMUS3067","alpha-dri","3/24/2020","7/6/2020","44% fat + fiber","5/6/2020","female","H-1365-18","NZO/HlLtJ","None","JMUS7a6e3d76d6e4ed2395cd7c57e1dd9ad8","WT",""
"JMUS3068","alpha-dri","3/24/2020","7/6/2020","10% fat + fiber","5/6/2020","male","H-1586-18","NZO/HlLtJ","","JMUS3068a846b6fedad642e339b10bc583beb6f9","WT",""
"JMUS3069","alpha-dri","3/24/2020","7/6/2020","10% fat + fiber","5/6/2020","male","H-1587-18","NZO/HlLtJ","","JMUS3069e9d2dbada4c1d6fe99d446371f1ef5d9","WT",""
"JMUS3070","alpha-dri","3/24/2020","7/6/2020","44% fat + fiber","5/6/2020","male","H-1588-18","NZO/HlLtJ","","JMUS3070672c5e11191ba606dcdce28e6e461dca","WT",""
"JMUS3071","alpha-dri","3/24/2020","7/6/2020","44% fat + fiber","5/6/2020","male","H-1589-18","NZO/HlLtJ","","JMUS30714aff9d0d95ad71a8e6f32968a0f1502d","WT",""
"JMUS3099","aspen","3/31/2020","7/13/2020","44% fat + fiber","4/13/2020","female","H-1399-18","CAST/EiJ","","JMUS3099781b9e6c618c6bc73894093d9e0345c1","WT",""
"JMUS3100","aspen","3/31/2020","7/16/2020","44% fat + fiber","4/13/2020","female","H-1634-18","CAST/EiJ","","JMUS31007987d95ac0b84d97a342e948e71d5ebd","WT",""
"JMUS3101","aspen","3/31/2020","7/13/2020","44% fat + fiber","4/13/2020","female","H-1399-18","CAST/EiJ","None","JMUS1f03d22f71411235f80c5b4dcc61170d","WT",""
"JMUS3109","aspen","2020-03-31","2020-07-14","10% fat + fiber","2020-04-13","female","H-1401-18","CAST/EiJ","None","JMUS2db8e67e601bd90bc6c7e31d220ff04f","WT","3860"
"JMUS3110","aspen","2020-03-31","2020-06-03","10% fat + fiber","2020-04-13","female","H-1401-18","CAST/EiJ","None","JMUS55b3f9057019fe4ef4deba657c04df1d","WT","3861"
"JMUS3119","aspen","3/31/2020","7/15/2020","44% fat + fiber","4/13/2020","male","H-1403-18","CAST/EiJ","","JMUS311998ed9dbc3f911d3a92f8ad9172056f0c","WT",""
"JMUS3120","aspen","3/31/2020","7/15/2020","44% fat + fiber","4/13/2020","male","H-1635-18","CAST/EiJ","","JMUS312031866b5293c17e0a3d735ad92647284c","WT",""
"JMUS3121","aspen","3/31/2020","7/13/2020","44% fat + fiber","4/13/2020","male","H-1403-18","CAST/EiJ","None","JMUS7fdc4b61924c045e158dbfac2364cb1c","WT",""
"JMUS3129","aspen","2020-03-31","2020-07-14","10% fat + fiber","2020-04-13","male","H-1405-18","CAST/EiJ","None","JMUS6328c8e6d691cc9e6c7312ba46104bb3","WT","3880"
"JMUS3130","aspen","2020-03-31","2020-06-03","10% fat + fiber","2020-04-13","male","H-1405-18","CAST/EiJ","None","JMUS24e7b78ff4bf46dbe5a1a559ac70a971","WT","3881"
"JMUS3139","aspen","3/31/2020","7/14/2020","44% fat + fiber","4/13/2020","female","H-1386-18","C57BL/6J","","JMUS3139f2b1a2cdf9ea13b0ade6be0ad4cf07d3","WT",""
"JMUS3140","aspen","3/31/2020","7/16/2020","44% fat + fiber","4/13/2020","female","H-1632-18","C57BL/6J","","JMUS31403da10d3429801ed3f171bc2f7bc65f7c","WT",""
"JMUS3141","aspen","3/31/2020","7/13/2020","44% fat + fiber","4/13/2020","female","H-1386-18","C57BL/6J","None","JMUSde6e690aa62b142f99732b3afa70ed70","WT",""
"JMUS3149","aspen","3/31/2020","7/15/2020","10% fat + fiber","4/13/2020","female","H-1388-18","C57BL/6J","","JMUS314901f4b526165c61674398236c428ca47a","WT",""
"JMUS3150","aspen","3/31/2020","7/13/2020","10% fat + fiber","4/13/2020","female","H-1633-18","C57BL/6J","","JMUS3150cc02202047f02c1c3cf72857cd0edb46","WT",""
"JMUS3151","aspen","2020-03-31","2020-06-03","10% fat + fiber","2020-04-13","female","H-1388-18","C57BL/6J","None","JMUS6e2c5c68ccc95209d75d04adc18294d5","WT","3822"
"JMUS3159","aspen","2020-03-31","2020-07-13","44% fat + fiber","2020-04-13","male","H-1390-18","C57BL/6J","None","JMUSa830bdf286462a5543ab007ba3bd5ee3","WT","3830"
"JMUS3160","aspen","3/31/2020","7/13/2020","44% fat + fiber","4/13/2020","male","H-1390-18","C57BL/6J","None","JMUS756cc4f7dc94435d3a4341b2d1d5d719","WT",""
"JMUS3169","aspen","2020-03-31","2020-07-16","10% fat + fiber","2020-04-13","male","H-1392-18","C57BL/6J","None","JMUS505802d6f56ef077854b475857f6cf39","WT","3840"
"JMUS3170","aspen","2020-03-31","2020-06-03","10% fat + fiber","2020-04-13","male","H-1392-18","C57BL/6J","None","JMUS8c30de8522ac3040a3da244d2f74ee66","WT","3841"
"JMUS3179","alpha-dri","2020-03-31","2020-07-13","10% fat + fiber","2020-04-13","female","H-1407-18","NZO/HlLtJ","None","JMUS4c8ebc7f382a07f2226d547cb71172e1","WT","3890"
"JMUS3180","alpha-dri","2020-03-31","2020-07-14","10% fat + fiber","2020-04-13","female","H-1636-18","NZO/HlLtJ","None","JMUSd52e22d6e5828bce3827ca04539bf22d","WT","3891"
"JMUS3184","alpha-dri","2020-03-31","2020-07-15","44% fat + fiber","2020-04-13","male","H-1409-18","NZO/HlLtJ","None","JMUS6252a19bfebcc9b3228bb0a0d96c0352","WT","3895"
"JMUS3185","alpha-dri","2020-03-31","2020-07-16","44% fat + fiber","2020-04-13","male","H-1637-18","NZO/HlLtJ","None","JMUSe77f77e9155d816fd54fde4b4ac3ac26","WT","3896"
"JMUS3189","aspen","2020-04-07","2020-07-21","10% fat + fiber","2020-05-20","female","H-1687-18","C57BL/6J","None","JMUSeef74b2e683d9c60a9fea273951bb8c8","WT","3904"
"JMUS3190","aspen","2020-04-07","2020-06-10","10% fat + fiber","2020-05-20","female","H-1433-18","C57BL/6J","None","JMUS0106617de32b1ee83b644a50460044a8","WT","3905"
"JMUS3194","aspen","2020-04-07","2020-07-20","44% fat + fiber","2020-05-20","female","H-1688-18","C57BL/6J","None","JMUS8fa5acf4f52ac104d27742ecef035263","WT","3909"
"JMUS3195","aspen","2020-04-07","2020-07-22","44% fat + fiber","2020-05-20","female","H-1434-18","C57BL/6J","None","JMUS9e1f7812c0759351aaa919e920e21807","WT","3910"
"JMUS3209","aspen","4/7/2020","7/22/2020","10% fat + fiber","5/20/2020","male","H-1689-18","C57BL/6J","","JMUS320996d6807922e0551c812f1a736da44485","WT",""
"JMUS3210","aspen","4/7/2020","7/22/2020","10% fat + fiber","5/20/2020","male","H-1690-18","C57BL/6J","","JMUS3210df70c1b7cc0a70676e69f503c15ff9f4","WT",""
"JMUS3211","aspen","2020-04-07","2020-06-10","10% fat + fiber","2020-05-20","male","H-1437-18","C57BL/6J","None","JMUSc7460154a2770be2cc102579f75ebb3b","WT","3926"
"JMUS3214","aspen","4/7/2020","7/21/2020","44% fat + fiber","5/20/2020","male","H-1691-18","C57BL/6J","","JMUS32147fd7749eecf436fe442fd1ea7fac8b95","WT",""
"JMUS3215","aspen","4/7/2020","7/23/2020","44% fat + fiber","5/20/2020","male","H-1692-18","C57BL/6J","","JMUS3215161ee4fa1d309267999f4fabeed9b3b8","WT",""
"JMUS3216","aspen","2020-04-07","2020-07-22","44% fat + fiber","2020-05-20","male","H-1438-18","C57BL/6J","None","JMUS58df9cf06b80b869dabfa981e0d2e7ce","WT","3931"
"JMUS3229","aspen","4/7/2020","7/21/2020","10% fat + fiber","5/20/2020","female","H-1693-18","CAST/EiJ","","JMUS32295c1db004e3409911fbd53bfb24880d59","WT",""
"JMUS3230","aspen","4/7/2020","7/22/2020","10% fat + fiber","5/20/2020","female","H-1694-18","CAST/EiJ","","JMUS323003101a11e79b24702d208d94668fff46","WT",""
"JMUS3231","aspen","2020-04-07","2020-07-22","10% fat + fiber","2020-05-20","female","H-1415-18","CAST/EiJ","None","JMUS788cd4bd78ed2a6be8aa1297c2adb99d","WT","3946"
"JMUS3234","aspen","2020-04-07","2020-07-20","44% fat + fiber","2020-05-20","female","H-1695-18","CAST/EiJ","None","JMUS6f6a023bb1f17de1b9c8995f8af49d7f","WT","3949"
"JMUS3235","aspen","2020-04-07","2020-07-22","44% fat + fiber","2020-05-20","female","H-1417-18","CAST/EiJ","None","JMUSebae7dd78b31014865ea6645ff4dfbe5","WT","3950"
"JMUS3249","aspen","2020-04-07","2020-06-16","10% fat + fiber","2020-05-20","male","H-1696-18","CAST/EiJ","None","JMUS72c2807953b2990ec34a3ec657681830","WT","3964"
"JMUS3250","aspen","4/7/2020","7/20/2020","10% fat + fiber","5/20/2020","male","H-1697-18","CAST/EiJ","","JMUS3250e30c742cbe48e54f92d5b597e32863cb","WT",""
"JMUS3251","aspen","2020-04-07","2020-06-08","10% fat + fiber","2020-05-20","male","H-1423-18","CAST/EiJ","None","JMUSe2c4aea6beb634caa63c2a76907b3a87","WT","3966"
"JMUS3254","aspen","2020-04-07","2020-07-23","44% fat + fiber","2020-05-20","male","H-1698-18","CAST/EiJ","None","JMUS27829105239e768847965913ab4c5528","WT","3969"
"JMUS3255","aspen","2020-04-07","2020-07-22","44% fat + fiber","2020-05-20","male","H-1424-18","CAST/EiJ","None","JMUSf41dead1971c6306fea9076d189dba1d","WT","3970"
"JMUS3269","alpha-dri","2020-04-07","2020-07-20","44% fat + fiber","2020-05-20","female","H-1699-18","NZO/HlLtJ","None","JMUS20e127ba39ed45e2abeeaebdb7598d59","WT","3984"
"JMUS3270","alpha-dri","2020-04-07","2020-07-23","44% fat + fiber","2020-05-20","female","H-1700-18","NZO/HlLtJ","None","JMUS0482bef521e97e46481d2de16d62412a","WT","3985"
"JMUS3274","alpha-dri","2020-04-07","2020-07-21","10% fat + fiber","2020-05-20","male","H-1701-18","NZO/HlLtJ","None","JMUScafd61d238c515b3a017bc5cf56da2ad","WT","3989"
"JMUS3275","alpha-dri","2020-04-07","2020-07-22","10% fat + fiber","2020-05-20","male","H-1702-18","NZO/HlLtJ","None","JMUSaa64fde0770b703eb4a8d971c7b01ebe","WT","3990"
"JMUS3276","alpha-dri","2020-04-07","2020-06-10","10% fat + fiber","2020-05-20","male","H-1429-18","NZO/HlLtJ","None","JMUS90066643820217dcf1a84199df28a176","WT","3991"
"JMUS602","aspen","2019-08-17","2019-11-20","44% fat + fiber","2019-09-20","female","null","C57BL/6J","None","JMUSb57c7b1caa864494927f993a1c2b5828","WT","323"
"JMUS603","aspen","2019-08-17","2019-11-20","44% fat + fiber","2019-09-20","male","null","C57BL/6J","None","JMUS655d6725139e07e1bdd23c86f1bb2433","WT","326"
"JMUS604","aspen","2019-08-20","2019-11-20","10% fat + fiber","2019-09-20","female","null","C57BL/6J","None","JMUS35d7525d9e51f32cc767ce14750fc8b1","WT","331"
"JMUS605","aspen","2019-08-20","2019-11-20","10% fat + fiber","2019-09-20","male","null","C57BL/6J","None","JMUS24a825c1849bc475f90fefad50db5ed6","WT","333"
"JMUS606","aspen","2019-08-17","2019-11-20","44% fat + fiber","2019-09-20","female","null","C57BL/6J","None","JMUS1e678086ea29219dec9d33da2a3dc213","WT","325"
"JMUS607","aspen","2019-08-17","2019-11-20","44% fat + fiber","2019-09-20","male","null","C57BL/6J","None","JMUSef5eeda26ab9a2e89f72e9fa42e51e86","WT","327"
"JMUS608","aspen","2019-08-20","2019-11-20","10% fat + fiber","2019-09-20","female","null","C57BL/6J","None","JMUS6495c9d0f253440a078624db8cab3f5c","WT","332"
"JMUS609","aspen","2019-08-20","2019-11-20","10% fat + fiber","2019-09-20","male","null","C57BL/6J","None","JMUS65b3811f64ec1ef2d20f9b0b09d65d5c","WT","334"
"JMUS610","aspen","2019-08-24","2019-12-09","10% fat + fiber","2019-10-03","female","null","CAST/EiJ","None","JMUSd2b06d30574550bfbc7b7b6f46ca54b1","WT","503"
"JMUS611","aspen","2019-08-24","2019-12-09","10% fat + fiber","2019-10-03","female","null","CAST/EiJ","None","JMUSc4e919d5aa85db37d967efc5c9d24b80","WT","504"
"JMUS612","aspen","2019-08-24","2019-12-09","10% fat + fiber","2019-10-03","male","null","CAST/EiJ","None","JMUS971cd8d8221ac9b3a93ca52d13915bc5","WT","505"
"JMUS613","aspen","2019-08-24","2019-12-09","10% fat + fiber","2019-10-03","male","null","CAST/EiJ","None","JMUS69d3b64d7a63bf5a50cbb748d972375f","WT","506"
"JMUS614","aspen","2019-07-13","2019-12-09","44% fat + fiber","2019-09-11","female","null","CAST/EiJ","None","JMUSd3c0aa3c5f0241957d031e3de91d2202","WT","273"
"JMUS615","aspen","2019-07-13","2019-12-09","44% fat + fiber","2019-09-11","female","null","CAST/EiJ","None","JMUSe1bb3667b9d3803e7f4a7e2d6dcaa72d","WT","274"
"JMUS616","aspen","2019-07-13","2020-02-07","44% fat + fiber","2019-09-11","male","null","CAST/EiJ","None","JMUSbc40cd6672869227210ee3b64bed073f","WT","275"
"JMUS617","aspen","2019-07-13","2020-02-07","44% fat + fiber","2019-09-11","male","null","CAST/EiJ","None","JMUS5c559f9c599978d7e99103214f27dea1","WT","276"
"JMUS618","aspen","2019-07-13","2020-02-07","44% fat + fiber","2019-09-11","male","null","CAST/EiJ","None","JMUSf570e90608fa5e00b32eb6fe6146dd38","WT","277"
"JMUS796","aspen","2019-10-14","2020-01-28","10% fat + fiber","2019-11-26","female","null","CAST/EiJ","None","JMUS6725bc01de5309e904ea2daede58940c","WT","1019"
"JMUS797","aspen","2019-10-14","2020-01-28","10% fat + fiber","2019-11-26","female","null","CAST/EiJ","None","JMUS2b448d368dda2c01e7fdfef6723bc3e4","WT","1020"
"JMUS798","aspen","2019-10-17","2020-01-29","44% fat + fiber","2019-11-26","female","null","CAST/EiJ","None","JMUS5f0d9bd19f43fc78356fd2237dafaf7e","WT","1021"